{
    "cosine similarity of weighted degree": {
        "mean": 0.9827447412819492,
        "stddev": 0.003833642982245859,
        "min": 0.9641213827269522,
        "max": 0.9909735551937685,
        "distribution": "None",
        "units": "None",
        "mean_weighted_degree": [
            2.9769599935002344,
            1.4564498348717956,
            2.569732451842685,
            1.9264568136489262,
            1.972589440855376,
            2.6170534526732645,
            1.3701809289911195,
            2.1697134094340664,
            0.5772278892294888,
            2.979558326262885,
            1.0777414604022955,
            3.947479198746198,
            1.0902938025717976,
            1.210128824068516,
            1.5564900236913801,
            1.4322827381235166,
            0.6370059839279187,
            2.023140653520419,
            2.9337398713980942,
            0.8625540887791113,
            0.97288937094769,
            1.840655930969583,
            1.4085197080536949,
            1.7235952125352094,
            1.3031733967394645,
            0.8027698719441895,
            1.6965281078417453,
            1.4171369945471186,
            2.8120858986130655,
            2.1608866587212185,
            1.9771459096208963,
            1.0175567263955154,
            1.643760512143501,
            1.3269216097219827,
            0.8862467966525052,
            0.5699538375802085,
            0.8924015501308676,
            1.5926431286325666,
            1.5494810580592864,
            1.444942793024632,
            2.2518673769291717,
            0.8209020963112954,
            1.917341497032301,
            1.5127303245768349,
            1.4372523523387761,
            1.8219802106952223,
            1.0868795524327106,
            1.9653303775170168,
            0.9963288040155949,
            1.3490603094374627,
            1.215392952849729,
            2.145252341123807,
            1.2617699891943628,
            1.6509898561958176,
            0.8004223772695631,
            0.4850577313135508,
            1.7422954108136963,
            1.207111353923339,
            0.7957691838211736,
            0.6945923361940087,
            1.8346130848622593,
            2.0874135146441044,
            1.9478930935502117,
            1.4246384262564868,
            1.6371953066405458,
            0.8003712040623415,
            1.9081575772917996,
            1.143317478028546,
            2.695996405088996,
            1.1626139014076717,
            1.1345535566196392,
            1.445983596624764,
            1.4255892535059076,
            1.3763346418406792,
            2.264059088446666,
            2.0144810828955193,
            1.7439509752594125,
            0.6821886747261036,
            1.6676198494431134,
            1.2368482571530335,
            2.2496427945396325,
            1.3089696782712084,
            1.7784916483882578,
            1.4647886609303198,
            1.8470305176222166,
            1.5616363663359831,
            1.1201360684246173,
            2.39738891576947,
            2.353041418604747,
            1.3889562352809777,
            2.8758207224881507,
            1.6973633983278165,
            1.0685776500806425,
            0.9259758283250368,
            1.971504348793824,
            1.6938382433973234,
            1.427041770824288,
            1.3054808634956845,
            1.6620466460230943,
            1.4096099003182037,
            3.536813773735753,
            2.1797410172638108,
            2.733117330242493,
            2.7534340787625364,
            1.8277990066317977,
            3.739962023273021,
            1.730966136097501,
            0.9495139116084422,
            2.863072583508778,
            1.0020054646302978,
            2.1107220892885037,
            2.2334639452349005,
            1.075441728218879,
            1.2035158391031981,
            1.1922754046129762,
            1.285432476893962,
            0.7538642955586536,
            1.5920931097351243,
            0.7871404189621107,
            2.0036687034664333,
            1.082151142594309,
            2.365765504913581,
            0.9970042845473192,
            1.1147166191942166,
            1.4022694671535936,
            0.9745103008078668,
            1.1001349597087926,
            0.932447796993971,
            0.7684431223770523,
            1.5740607192848262,
            3.110592773328716,
            1.751527162249709,
            1.6195550306165192,
            1.5632985979527014,
            0.7143572745546893,
            2.1102718835326115,
            0.7644712230821807,
            0.7715735881981862,
            1.0999725172247514,
            1.5231642706482382,
            1.5330678752333171,
            1.6887152527321942,
            1.1573461719821412,
            0.7938909995239704,
            1.740366073389892,
            1.9996363368519507,
            1.2548779373432999,
            0.5410219461237122,
            1.4405667105549929,
            2.764651673822,
            1.18291718782201,
            1.3630410690100063,
            1.837235105623818,
            0.6786018825032598,
            0.637888728969805,
            1.155016284986873,
            1.9259806562387087,
            1.8825329113335456,
            1.8243543725436604,
            1.4462222541771508,
            1.5909517498537937,
            1.7524382139836536,
            0.8670252524104771,
            1.9934731139837387,
            1.5649763279951097,
            0.9392318356217543,
            1.3437189988579383,
            2.407037178766235,
            1.9190736740960952,
            0.9058762382426019,
            2.248055989802732,
            1.9110322643038793,
            1.4004064121299329,
            1.0467378457234142,
            1.5737872928597967,
            2.6908727726093837,
            1.6791036498463159,
            1.1666348409546774,
            2.893018868180078,
            1.1477948572770325,
            1.3030944432927318,
            1.3891097127563183,
            1.4361710414060496,
            1.897531727388556,
            1.8089137321474553,
            2.1456281489549376,
            1.2763514667204758,
            0.7770992513549636,
            2.7741016289236247,
            0.8962586019007037,
            1.7420523685987204,
            2.523236332965643,
            2.246456541963992,
            1.8129733944050848,
            1.3401175088141812,
            1.5723849186467496,
            1.6038655366779306,
            0.9825307513827259,
            0.827794050545034,
            1.0427776242574749
        ],
        "low_bound": 0.9641213827269522,
        "high_bound": 0.9909735551937685
    },
    "10.0 percent edges count": {
        "global efficiency": {
            "mean": 0.460157642378602,
            "stddev": 0.004048155612405292,
            "min": 0.44046566164160317,
            "max": 0.47248241206033365,
            "distribution": "None",
            "units": "None",
            "low_bound": 0.44046566164160317,
            "high_bound": 0.47248241206033365
        },
        "local efficiency": {
            "mean": 0.7680767346339117,
            "stddev": 0.005566383807219136,
            "min": 0.748527849853939,
            "max": 0.7893085926199377,
            "distribution": "gaussian",
            "units": "None",
            "low_bound": 0.7513775832122542,
            "high_bound": 0.7847758860555691
        },
        "average clustering": {
            "mean": 0.5488080799417842,
            "stddev": 0.010437568263934358,
            "min": 0.5135694171872548,
            "max": 0.5877325884757297,
            "distribution": "gaussian",
            "units": "None",
            "low_bound": 0.5174953751499811,
            "high_bound": 0.5801207847335872
        }
    },
    "15.0 percent edges count": {
        "global efficiency": {
            "mean": 0.5256298283081924,