{
    "cosine similarity of weighted degree": {
        "mean": 0.9853017117611813,
        "stddev": 0.006568915671549763,
        "min": 0.9483259541296953,
        "max": 0.994111015981304,
        "distribution": "None",
        "units": "None",
        "mean_weighted_degree": [
            72.4370891041593,
            45.455886698192614,
            67.16083498794096,
            54.62292071548386,
            70.96688879659389,
            68.98882290250103,
            59.22852418776086,
            69.75839076588323,
            53.40402464777005,
            70.19451318488264,
            65.7149739019655,
            73.47179536584149,
            55.1862498697677,
            67.95763106482997,
            65.08633767386064,
            65.0530494582357,
            63.66070270776742,
            56.00091090159993,
            68.39056679047334,
            55.75211560261832,
            65.62278175612641,
            74.78463257805774,
            60.85113223897747,
            70.30046603255147,
            69.39232734257537,
            64.65556794650539,
            62.74259515545028,
            71.01959383496225,
            72.35083119617877,
            70.00807993740408,
            73.23124610740643,
            61.20033738887891,
            72.18836356306329,
            71.75085310032581,
            66.7900334570447,
            50.91569839735877,
            60.33458967079151,
            67.31594664618486,
            61.43993565002655,
            69.08001024235756,
            59.84468886870153,
            41.259886769415225,
            56.00107802144044,
            64.7935481863236,
            57.79046946287107,
            57.23037189958473,
            54.907818668945104,
            61.31469616168001,
            42.105644833261834,
            42.12540903590531,
            31.339112561464777,
            18.620029369214816,
            28.797299531044892,
            29.271943971570348,
            28.882577168957788,
            39.54280310979539,
            69.08874518432866,
            52.55782693143104,
            63.931377262389304,
            49.55219032843235,
            56.771266543350904,
            59.163727202208605,
            61.71848578261518,
            58.80780172924752,
            59.79797238743256,
            27.654169315103555,
            51.50992806261625,
            49.88537577549485,
            57.59079040003291,
            45.498128506710835,
            50.41851726110664,
            58.58153031609306,
            70.91461135757952,
            36.26469267623823,
            47.30805604262927,
            52.50830138903313,
            46.621185164363936,
            42.57524087158258,
            63.625783995598375,
            21.374669397757515,
            47.10964928290433,
            29.483826431728218,
            43.172179013618695,
            36.190486370747294,
            55.027067637193305,
            56.3781864100088,
            49.61275850645045,
            46.61214078023695,
            41.101912496924534,
            46.817448114666625,
            45.70671400273281,
            47.56838813501441,
            36.988170164941394,
            41.79476333967224,
            48.64927100794339,
            58.84572900567198,
            56.827074799327264,
            38.54142255489981,
            65.31039336505346,
            60.67714180089255,
            75.26136296401248,
            69.96951521948266,
            65.91144202951126,
            50.89182923288722,
            68.47526518899875,
            69.25808941718583,
            65.6619655369569,
            62.73235827646555,
            68.42937370886584,
            61.095413450221606,
            71.89822459766046,
            73.06609347492201,
            67.69914260535248,
            70.23722549842851,
            54.91486594395665,
            62.03680145121375,
            58.27529093948841,
            66.25699656224776,
            67.56563980977151,
            53.54871914435763,
            65.8743468286456,
            61.67486740572481,
            58.64125761002918,
            71.3484684704222,
            69.1763145858451,
            56.0021995218586,
            63.44701047961162,
            57.789651238723955,
            67.14492196144397,
            60.96093738918446,
            77.02654659230284,
            69.79755676153273,
            68.55760834376096,
            70.74919264671004,
            59.699964988692784,
            74.59736673972488,
            65.13654906811013,
            53.46991153431125,
            70.58129748203272,
            67.1200017706776,
            62.244300815938416,
            72.58288132523855,
            62.44226493612051,
            47.69613259928505,
            65.32161381941603,
            62.57156373319945,
            56.16304600461217,
            42.84432612116152,
            61.73293705288256,
            65.01004447940504,
            51.414624124852004,
            51.27024693929586,
            55.47050138032055,
            33.50637478220484,
            34.532390432296936,
            44.421447896927795,
            13.301359352704166,
            41.25658584956474,
            24.35103207379669,
            37.31632769556712,
            31.61259591061742,
            35.35715666054751,
            25.84375419342575,
            54.40164075541709,
            60.224066035033154,
            64.0659316579267,
            54.46800628946171,
            63.01795213779331,
            61.45624556025837,
            26.354917066278247,
            43.573302862762965,
            56.55916164983873,
            43.21124799064356,
            54.74705166383888,
            53.55459610231079,
            62.79831162915853,
            42.82358288786388,
            47.19857793730896,
            52.05973165923046,
            41.97070282066374,
            59.34962828008828,
            63.290033610587315,
            36.95178384548593,
            58.112482171814065,
            53.68116495149961,
            52.00807048375789,
            21.821212717184338,
            17.17714147983195,
            46.67108744042216,
            55.03276364599548,
            46.04548616530065,
            44.87973433918539,
            52.55138392914198,
            53.827818747264,
            59.25501975861142,
            45.20159942805255,
            59.01741453168262,
            51.47575260032139,
            63.01919051992683,
            67.16244223818758
        ],
        "low_bound": 0.9483259541296953,
        "high_bound": 0.994111015981304
    },
    "10.0 percent edges count": {
        "global efficiency": {
            "mean": 0.3392954098867753,
            "stddev": 0.02461237667036033,
            "min": 0.25716229959322673,
            "max": 0.3871675041876773,
            "distribution": "None",
            "units": "None",
            "low_bound": 0.25716229959322673,
            "high_bound": 0.3871675041876773
        },
        "local efficiency": {
            "mean": 0.6579700034914265,
            "stddev": 0.036136341784718605,
            "min": 0.5154651912063963,
            "max": 0.7270439266335079,
            "distribution": "None",
            "units": "None",
            "low_bound": 0.5154651912063963,
            "high_bound": 0.7270439266335079
        },
        "average clustering": {
            "mean": 0.5259093199482361,
            "stddev": 0.022820539332038394,
            "min": 0.44348105108280306,
            "max": 0.5852808279399732,
            "distribution": "gaussian",
            "units": "None",
            "low_bound": 0.4574477019521209,
            "high_bound": 0.5943709379443513
        }
    },
    "15.0 percent edges count": {
        "global efficiency": {
            "mean": 0.419257155008702,
            "stddev": 0.02669203048472985,
            "min": 0.3465335008375513,
            "max": 0.46749832495813265,
            "distribution": "gaussian",